gpu,benchmark,experiment,impl,shape,dtype,ms,gflops,gbs,note
"Tesla T4","matmul","A square","cpu (1 thread)","square 32x32x32","fp32",0.0126366,5.18621,,""
"Tesla T4","matmul","A square","v1 naive","square 32x32x32","fp32",0.00752848,8.70508,,""
"Tesla T4","matmul","A square","v2 coalesced","square 32x32x32","fp32",0.00365952,17.9084,,""
"Tesla T4","matmul","A square","v3 tiled-32","square 32x32x32","fp32",0.00375632,17.4469,,""
"Tesla T4","matmul","A square","v4 register 4x4","square 32x32x32","fp32",0.0066288,9.88656,,""
"Tesla T4","matmul","A square","cpu (1 thread)","square 64x64x64","fp32",0.100741,5.20432,,""
"Tesla T4","matmul","A square","v1 naive","square 64x64x64","fp32",0.0131789,39.7824,,""
"Tesla T4","matmul","A square","v2 coalesced","square 64x64x64","fp32",0.00417168,125.678,,""
"Tesla T4","matmul","A square","v3 tiled-32","square 64x64x64","fp32",0.00574224,91.3037,,""
"Tesla T4","matmul","A square","v4 register 4x4","square 64x64x64","fp32",0.0128707,40.7349,,""
"Tesla T4","matmul","A square","cpu (1 thread)","square 128x128x128","fp32",1.34158,3.12639,,""
"Tesla T4","matmul","A square","v1 naive","square 128x128x128","fp32",0.0877542,47.796,,""
"Tesla T4","matmul","A square","v2 coalesced","square 128x128x128","fp32",0.00846432,495.528,,""
"Tesla T4","matmul","A square","v3 tiled-32","square 128x128x128","fp32",0.0098304,426.667,,""
"Tesla T4","matmul","A square","v4 register 4x4","square 128x128x128","fp32",0.0238518,175.848,,""
"Tesla T4","matmul","A square","cpu (1 thread)","square 256x256x256","fp32",5.59875,5.99321,,""
"Tesla T4","matmul","A square","v1 naive","square 256x256x256","fp32",0.599728,55.9494,,""
"Tesla T4","matmul","A square","v2 coalesced","square 256x256x256","fp32",0.0457933,732.737,,""
"Tesla T4","matmul","A square","v3 tiled-32","square 256x256x256","fp32",0.0401637,835.442,,""
"Tesla T4","matmul","A square","v4 register 4x4","square 256x256x256","fp32",0.0460066,729.34,,""
"Tesla T4","matmul","A square","cpu (1 thread)","square 512x512x512","fp32",49.6107,5.41084,,""
"Tesla T4","matmul","A square","v1 naive","square 512x512x512","fp32",4.43486,60.5285,,""
"Tesla T4","matmul","A square","v2 coalesced","square 512x512x512","fp32",0.329347,815.055,,""
"Tesla T4","matmul","A square","v3 tiled-32","square 512x512x512","fp32",0.293234,915.431,,""
"Tesla T4","matmul","A square","v4 register 4x4","square 512x512x512","fp32",0.141401,1898.4,,""
"Tesla T4","matmul","A square","cpu (1 thread)","square 1024x1024x1024","fp32",394.749,5.44012,,""
"Tesla T4","matmul","A square","v1 naive","square 1024x1024x1024","fp32",35.0666,61.2401,,""
"Tesla T4","matmul","A square","v2 coalesced","square 1024x1024x1024","fp32",3.68919,582.101,,""
"Tesla T4","matmul","A square","v3 tiled-32","square 1024x1024x1024","fp32",2.47577,867.4,,""
"Tesla T4","matmul","A square","v4 register 4x4","square 1024x1024x1024","fp32",0.960594,2235.58,,""
"Tesla T4","matmul","A square","v1 naive","square 2048x2048x2048","fp32",278.85,61.6098,,""
"Tesla T4","matmul","A square","v2 coalesced","square 2048x2048x2048","fp32",37.8684,453.673,,""
"Tesla T4","matmul","A square","v3 tiled-32","square 2048x2048x2048","fp32",19.6518,874.212,,""
"Tesla T4","matmul","A square","v4 register 4x4","square 2048x2048x2048","fp32",7.73509,2221.03,,""
"Tesla T4","matmul","B transformer","v1 naive","QKV projection, prefill 512 tokens 512x2304x768","fp32",29.592,61.2308,0.451789,""
"Tesla T4","matmul","B transformer","v2 coalesced","QKV projection, prefill 512 tokens 512x2304x768","fp32",3.91109,463.282,3.41832,""
"Tesla T4","matmul","B transformer","v3 tiled-32","QKV projection, prefill 512 tokens 512x2304x768","fp32",2.29569,789.279,5.82367,""
"Tesla T4","matmul","B transformer","v4 register 4x4","QKV projection, prefill 512 tokens 512x2304x768","fp32",0.826008,2193.61,16.1855,""
"Tesla T4","matmul","B transformer","v1 naive","MLP up-projection, prefill 512 tokens 512x3072x768","fp32",39.337,61.416,0.439828,""
"Tesla T4","matmul","B transformer","v2 coalesced","MLP up-projection, prefill 512 tokens 512x3072x768","fp32",5.30723,455.213,3.25999,""
"Tesla T4","matmul","B transformer","v3 tiled-32","MLP up-projection, prefill 512 tokens 512x3072x768","fp32",2.94859,819.347,5.86772,""
"Tesla T4","matmul","B transformer","v4 register 4x4","MLP up-projection, prefill 512 tokens 512x3072x768","fp32",1.10326,2189.8,15.6822,""
"Tesla T4","matmul","B transformer","v1 naive","MLP down-projection, prefill 512 tokens 512x768x3072","fp32",39.5878,61.0269,0.437041,""
"Tesla T4","matmul","B transformer","v2 coalesced","MLP down-projection, prefill 512 tokens 512x768x3072","fp32",4.97304,485.803,3.47906,""
"Tesla T4","matmul","B transformer","v3 tiled-32","MLP down-projection, prefill 512 tokens 512x768x3072","fp32",2.95034,818.861,5.86424,""
"Tesla T4","matmul","B transformer","v4 register 4x4","MLP down-projection, prefill 512 tokens 512x768x3072","fp32",1.22109,1978.49,14.1689,""
"Tesla T4","matmul","B transformer","v1 naive","QKV projection, decode 1 token 1x2304x768","fp32",0.18176,19.4704,39.0084,""
"Tesla T4","matmul","B transformer","v2 coalesced","QKV projection, decode 1 token 1x2304x768","fp32",0.034543,102.45,205.256,""
"Tesla T4","matmul","B transformer","v3 tiled-32","QKV projection, decode 1 token 1x2304x768","fp32",0.139628,25.3456,50.7792,""
"Tesla T4","matmul","B transformer","v4 register 4x4","QKV projection, decode 1 token 1x2304x768","fp32",0.16993,20.8259,41.7241,""
"Tesla T4","matmul","B transformer","v1 naive","MLP up-projection, decode 1 token 1x3072x768","fp32",0.219873,21.4605,42.9909,""
"Tesla T4","matmul","B transformer","v2 coalesced","MLP up-projection, decode 1 token 1x3072x768","fp32",0.0422782,111.608,223.579,""
"Tesla T4","matmul","B transformer","v3 tiled-32","MLP up-projection, decode 1 token 1x3072x768","fp32",0.207525,22.7374,45.5488,""
"Tesla T4","matmul","B transformer","v4 register 4x4","MLP up-projection, decode 1 token 1x3072x768","fp32",0.182086,25.9141,51.9126,""
"Tesla T4","matmul","C block shape","v2 coalesced block 32x1","square 1024x1024x1024","fp32",3.58615,598.828,,""
"Tesla T4","matmul","C block shape","v2 coalesced block 32x4","square 1024x1024x1024","fp32",4.5257,474.508,,""
"Tesla T4","matmul","C block shape","v2 coalesced block 32x8","square 1024x1024x1024","fp32",4.04905,530.368,,""
"Tesla T4","matmul","C block shape","v2 coalesced block 32x16","square 1024x1024x1024","fp32",3.78819,566.89,,""
"Tesla T4","matmul","C block shape","v2 coalesced block 32x32","square 1024x1024x1024","fp32",3.7163,577.855,,""
"Tesla T4","matmul","C block shape","v2 coalesced block 16x16","square 1024x1024x1024","fp32",4.78087,449.183,,""
"Tesla T4","matmul","C block shape","v2 coalesced block 8x8","square 1024x1024x1024","fp32",6.74844,318.219,,""
"Tesla T4","matmul","C block shape","v2 coalesced block 8x32","square 1024x1024x1024","fp32",6.38014,336.589,,""
"Tesla T4","matmul","D tile size","v3 tiled-8","square 1024x1024x1024","fp32",4.09856,523.96,,""
"Tesla T4","matmul","D tile size","v3 tiled-16","square 1024x1024x1024","fp32",2.74233,783.087,,""
"Tesla T4","matmul","D tile size","v3 tiled-32","square 1024x1024x1024","fp32",2.63654,814.509,,""
