gpu,op,impl,shape,dtype,gpu_ms,wall_ms,cpu_ms,gflops,gbs,extra_mem_mb,max_abs_err
Tesla T4,vector_add,torch add,n=1024,fp32,0.012018239498138428,0.01595776999977261,0.0026475999902686453,0.08520382707954964,1.0224459249545956,0.00390625,1.51805579662323e-07
Tesla T4,vector_add,torch add,n=16384,fp32,0.008601279854774475,0.00876524000034351,0.00752939999983937,1.9048328012377627,22.857993614853154,0.0625,2.384185791015625e-07
Tesla T4,vector_add,torch add,n=262144,fp32,0.007686560153961182,0.007833170000139944,0.1284329999862166,34.10420197712329,409.25042372547944,1.0,2.384185791015625e-07
Tesla T4,vector_add,torch add,n=1048576,fp32,0.05361455917358399,0.05382531000009294,0.5716277999908925,19.557672694931636,234.69207233917962,4.0,2.384185791015625e-07
Tesla T4,vector_add,torch add,n=4194304,fp32,0.2072921562194824,0.2075903899998366,4.149925599995186,20.23378055636143,242.8053666763372,16.0,2.384185791015625e-07
Tesla T4,vector_add,torch add,n=16777216,fp32,0.8200001525878906,0.8203131049998547,50.03950899999836,20.460015704938243,245.52018845925895,64.0,2.384185791015625e-07
Tesla T4,vector_add,torch add,n=67108864,fp32,3.268207614704714,3.2693002711859385,152.90571360001195,20.533843596121525,246.4061231534583,256.0,2.384185791015625e-07
Tesla T4,matmul,cuBLAS fp32,square 32x32x32,fp32,0.0194867205619812,0.019734734999588,0.016155000025719346,3.3631107805723577,0.6305832713573171,0.00390625,2.856217951929807e-06
Tesla T4,matmul,cuBLAS fp16 (fp32 acc),square 32x32x32,fp16,0.01473088026046753,0.014951874999837855,,4.448885527626984,0.41708301821502974,0.001953125,0.007474259603496236
Tesla T4,matmul,cuBLAS fp32,square 64x64x64,fp32,0.01640768051147461,0.016578875000163862,0.029273999984980037,31.953815753137217,2.995670226856614,0.015625,3.2781849839125243e-06
Tesla T4,matmul,cuBLAS fp16 (fp32 acc),square 64x64x64,fp16,0.019261440038681032,0.019449955000254704,,27.219564007006703,1.2759170628284393,0.0078125,0.012655227648568967
Tesla T4,matmul,cuBLAS fp32,square 128x128x128,fp32,0.019339519739151,0.01952173999995921,0.038964999968508586,216.87736079138688,10.16612628709626,0.0625,6.985511046941895e-06
Tesla T4,matmul,cuBLAS fp16 (fp32 acc),square 128x128x128,fp16,0.01597440004348755,0.01611894999996366,,262.56410184931707,6.153846137093368,0.03125,0.022985299951969296
Tesla T4,matmul,cuBLAS fp32,square 256x256x256,fp32,0.020681920051574706,0.0208353549999174,0.31417866667500977,1622.4041054372606,38.02509622118579,0.25,1.1376956791764314e-05
Tesla T4,matmul,cuBLAS fp16 (fp32 acc),square 256x256x256,fp16,0.014446560144424438,0.01458330999980717,,2322.6589350372187,27.21865939496741,0.125,0.03828975763316578
Tesla T4,matmul,cuBLAS fp32,square 512x512x512,fp32,0.053474559783935546,0.0536282799998844,1.8854906666471531,5019.872198754248,58.82662732915134,1.0,9.357023225220473e-05
Tesla T4,matmul,cuBLAS fp16 (fp32 acc),square 512x512x512,fp16,0.015268319845199585,0.015408625000077336,,17581.204659162093,103.0148710497779,0.5,0.04386888844690873
Tesla T4,matmul,cuBLAS fp32,square 1024x1024x1024,fp32,0.5757444763183593,0.5760305950002476,14.529748333340345,3729.924882184269,21.85502860654845,4.0,6.230180925115292e-05
Tesla T4,matmul,cuBLAS fp16 (fp32 acc),square 1024x1024x1024,fp16,0.059844961166381834,0.06004630999996152,,35884.117996660316,105.12925194334076,2.0,0.0793255701063913
Tesla T4,matmul,cuBLAS fp32,square 2048x2048x2048,fp32,4.415502234350277,4.417040645569591,,3890.807494184848,11.398850080619672,16.0,
Tesla T4,matmul,cuBLAS fp16 (fp32 acc),square 2048x2048x2048,fp16,0.857353744506836,0.8576067500001727,,20038.250598511288,29.35290615016302,8.0,
Tesla T4,matmul,cuBLAS fp32,"QKV proj, prefill 512 512x2304x768",fp32,0.43041488647460935,0.43067092500052695,12.602640333322293,4209.750603286553,31.061527888833073,4.5,7.670153317462791e-05
Tesla T4,matmul,cuBLAS fp16 (fp32 acc),"QKV proj, prefill 512 512x2304x768",fp16,0.0485478401184082,0.04887359999997898,,37322.7588205918,137.692469607218,3.0,0.05677261179656057
Tesla T4,matmul,cuBLAS fp32,"MLP up, prefill 512 512x3072x768",fp32,0.5926583862304687,0.5929206849998536,23.136572666696036,4076.410897289682,29.193046790486004,6.375,0.0001532645520683218
Tesla T4,matmul,cuBLAS fp16 (fp32 acc),"MLP up, prefill 512 512x3072x768",fp16,0.09148415565490722,0.09173090499984937,,26408.060354333167,94.56011194585444,3.0,0.0628504181012488
Tesla T4,matmul,cuBLAS fp32,"MLP down, prefill 512 512x768x3072",fp32,0.6131622314453125,0.6134590850001587,16.44357399997413,3940.097710038871,28.21684557970546,1.875,0.00016048971068016726
Tesla T4,matmul,cuBLAS fp16 (fp32 acc),"MLP down, prefill 512 512x768x3072",fp16,0.0868387222290039,0.08707128499963801,,27820.75832056738,99.61860075723997,0.75,0.12274032872392127
Tesla T4,matmul,cuBLAS fp32,"QKV proj, decode 1 1x2304x768",fp32,0.029574079513549803,0.029812485000206834,0.3200936666492756,119.66370748339202,239.74291395110137,0.0087890625,3.290941461386865e-05
Tesla T4,matmul,cuBLAS fp16 (fp32 acc),"QKV proj, decode 1 1x2304x768",fp16,0.013914719820022584,0.014084685000170794,,254.33095640974656,254.77250320906904,0.00439453125,0.044144877867992705
Tesla T4,matmul,cuBLAS fp32,"MLP up, decode 1 1x3072x768",fp32,0.03893712043762207,0.03911995000009938,0.41590366667302686,121.18492448765605,242.76433115137868,0.01171875,6.218025166049301e-05
Tesla T4,matmul,cuBLAS fp16 (fp32 acc),"MLP up, decode 1 1x3072x768",fp16,0.031856000423431396,0.03203562500004864,,148.12254951281585,148.3636343915802,0.005859375,0.04196406058875368
Tesla T4,softmax,torch softmax,1024x128,fp32,0.007939040064811706,0.008105195000212007,0.19293479999760166,,132.0784366169929,0.5,2.5216314070153345e-07
Tesla T4,softmax,torch softmax,4096x512,fp32,0.07656847953796386,0.0767949150002778,5.1954845999944155,,219.11387167720355,8.0,2.721220252466239e-07
Tesla T4,softmax,torch softmax,4096x1024,fp32,0.1575169563293457,0.15779667499998595,6.4980844000047,,213.02107901223297,16.0,3.1541318346040015e-07
Tesla T4,softmax,torch softmax,12288x1024,fp32,0.46552879333496094,0.4659934500000418,43.26192019998416,,216.23430696706646,48.0,3.670349412177032e-07
Tesla T4,layernorm,torch layer_norm,512x768,fp32,0.014248160123825073,0.014441729999816744,0.2167033999967316,,220.78134809419137,1.50390625,1.5942845568162056e-06
Tesla T4,add_layernorm,torch add + layer_norm,512x768,fp32,0.03297280073165894,0.03313122999998086,,,190.80744918217513,3.00390625,
Tesla T4,layernorm,torch layer_norm,2048x768,fp32,0.056100320816040036,0.05630727499976729,1.0751854000091043,,224.29304889825747,6.015625,1.9694588395680057e-06
Tesla T4,add_layernorm,torch add + layer_norm,2048x768,fp32,0.13584223747253418,0.13605170999994698,,,185.2577259343822,12.015625,
Tesla T4,layernorm,torch layer_norm,4096x1024,fp32,0.14946319580078124,0.14968744500038156,3.303117799987376,,224.49962895698107,16.03125,1.6731313881024334e-06
Tesla T4,add_layernorm,torch add + layer_norm,4096x1024,fp32,0.358656005859375,0.35890419499992277,,,187.112059755421,32.03125,
Tesla T4,layernorm,torch layer_norm,8192x4096,fp32,1.6146833485570447,1.6152290603446906,86.41640979999465,,166.24650042987454,128.0625,2.3256362862156266e-06
Tesla T4,add_layernorm,torch add + layer_norm,8192x4096,fp32,3.279367479227357,3.2805302542374966,,,163.71172654505028,256.0625,
Tesla T4,attention,naive (3 kernels),h=12 seq=128 d=64,fp32,0.0614686393737793,0.06169053000007807,0.9473284999899079,818.8183195977815,,1.875,8.158522694090564e-07
Tesla T4,attention,SDPA (fused),h=12 seq=128 d=64,fp32,0.1009766387939453,0.10119303999999829,1.6822095000179615,498.4484391752001,,2.064453125,9.946662037352283e-07
Tesla T4,attention,naive (3 kernels),h=12 seq=512 d=64,fp32,0.44181663513183594,0.44208189500011486,12.809050999976535,1822.7162672580232,,25.5,4.950222753374867e-07
Tesla T4,attention,SDPA (fused),h=12 seq=512 d=64,fp32,0.6003302383422852,0.6005923250000933,25.43630600001734,1341.4389557049853,,29.50634765625,5.584577846273753e-07
Tesla T4,attention,naive (3 kernels),h=12 seq=1024 d=64,fp32,1.9455894662552522,1.9460473529412,115.53403149997621,1655.6552797338131,,99.0,4.339026847266503e-07
Tesla T4,attention,SDPA (fused),h=12 seq=1024 d=64,fp32,2.243390047097508,2.24453165822789,193.27003500001183,1435.8740140474517,,111.01220703125,5.019178355158971e-07
Tesla T4,attention,naive (3 kernels),h=12 seq=2048 d=64,fp32,7.696593221028646,7.699497200000375,,1674.1045704216049,,390.0,
Tesla T4,attention,SDPA (fused),h=12 seq=2048 d=64,fp32,8.833601518110795,8.837416727275963,,1458.623853655065,,438.02392578125,
